ID,Predicted_values
8,100.95985
10,111.37703
11,106.38297
12,94.068756
23,109.82524
26,101.77531
28,76.81293
29,109.82524
33,109.82524
35,104.47727
41,109.54882
42,103.68627
43,98.46931
45,106.32644
46,88.16093
51,112.146996
53,76.7195
55,92.204735
56,87.507
57,102.142784
58,99.28497
59,106.060074
63,89.12091
64,106.570366
65,101.35032
69,103.5699
71,100.77139
72,87.55428
73,105.16101
76,104.82546
77,92.00078
78,104.519104
82,109.49775
83,101.35032
84,97.756386
85,87.11417
87,94.85756
88,109.54882
89,112.8653
91,104.23311
93,84.01254
94,83.40574
95,109.45228
96,100.97222
97,106.024025
98,90.4998
99,87.95747
101,106.91986
103,112.8653
104,100.9771
105,86.408844
110,99.3421
111,85.4258
113,91.02217
114,105.06901
115,89.42435
117,112.8653
120,84.48633
121,108.59994
122,104.0988
123,90.386
126,107.860725
132,108.505
135,86.66203
137,93.601555
138,106.081856
140,87.751884
142,91.60668
144,98.8521
148,94.82201
149,118.77278
155,109.64697
156,97.799545
157,106.024025
162,104.30583
167,104.58054
172,98.46931
179,93.86827
180,103.97981
181,89.77178
182,103.57104
183,112.8653
185,112.8653
187,88.96982
188,109.4161
189,110.485306
191,81.94536
192,107.05318
193,110.7574
194,90.3443
195,91.88603
196,109.302605
198,83.40452
199,102.93231
201,94.87119
204,106.18727
205,97.246284
206,100.697876
210,96.565254
211,106.91986
216,100.36249
219,93.884476
220,95.892426
221,93.567314
226,89.77178
227,92.76549
228,99.444534
230,94.95605
231,106.024025
235,90.54122
236,96.61587
238,94.55577
242,91.671165
243,104.06989
244,99.339066
245,109.23862
247,87.61435
248,99.9697
249,97.10965
250,101.950775
251,96.61587
253,90.54122
254,94.49528
256,107.07901
257,99.34712
258,93.93035
259,87.83502
262,113.477684
266,108.61751
267,93.20248
272,86.50429
273,112.8653
275,101.59664
276,115.21768
279,83.265144
280,101.35032
283,101.718704
285,99.36286
288,112.8653
290,94.95282
291,92.2231
292,96.962296
293,98.0745
296,98.35218
297,91.50177
298,104.570496
299,109.58987
304,104.307144
306,106.808914
307,89.945595
311,91.29789
313,89.82312
314,82.32284
316,92.43945
324,109.18384
327,99.076935
329,103.77583
330,90.55889
337,110.17596
338,102.54593
339,99.39257
340,107.81994
343,102.85343
345,94.22159
346,103.35543
347,92.75105
349,101.8281
350,114.35397
352,90.548546
353,105.23343
354,100.817955
357,111.62752
358,95.78173
362,90.57545
364,95.92132
365,95.24115
366,94.19139
367,94.856766
368,105.95275
370,98.743675
373,98.232864
377,82.706116
378,99.651085
382,104.917595
384,99.53661
390,105.50899
392,91.09319
395,113.46758
396,110.68916
399,101.080956
406,89.82312
408,89.82312
409,102.545525
410,97.832375
412,85.31049
413,101.2481
419,109.85911
420,88.74569
421,99.78838
430,104.164375
434,107.592606
436,111.4697
437,88.86538
438,100.0868
439,95.97922
440,90.27409
443,112.64541
446,106.70533
448,100.4659
452,107.49881
453,99.24714
457,94.368195
458,111.65509
459,108.92629
460,91.96577
462,86.859215
464,93.989395
465,93.97668
467,83.212906
471,100.82558
472,98.161705
473,86.495186
475,107.49603
480,86.5515
488,109.37746
490,89.945595
491,105.19626
492,94.63499
493,114.104805
497,94.371826
498,93.07648
499,104.91246
500,88.12448
501,111.736694
502,92.68604
506,71.73761
510,100.0325
511,101.566826
512,103.65337
516,95.769585
518,89.37776
519,94.22896
521,100.58312
522,99.8271
526,104.94344
529,101.21499
532,102.31616
533,104.98558
536,113.90561
537,85.70637
539,110.129524
540,106.93038
541,107.82203
543,110.65906
546,90.58996
547,97.38995
548,97.29684
551,114.738365
552,90.568085
556,94.47986
557,103.83373
558,94.856766
559,89.13544
560,99.133606
562,97.256836
566,91.025925
570,93.07648
571,88.86538
572,101.44249
573,109.54903
575,93.97668
576,85.653625
577,105.44578
579,95.62536
580,89.02902
581,108.67881
589,89.945595
591,88.35603
593,85.86346
594,90.9909
595,111.45929
598,114.65672
602,98.78595
604,103.06925
606,99.62766
608,90.57574
609,107.011955
610,112.361595
616,93.54356
617,102.5308
618,89.24068
620,95.63892
622,103.67179
623,106.36
626,97.94263
628,102.97691
629,105.22321
630,95.04821
637,109.66203
638,107.25442
643,90.56729
645,86.5515
646,94.2174
648,101.773605
652,95.60146
653,88.78381
654,93.07648
656,95.00052
657,90.034256
659,112.68252
660,103.71247
663,93.45046
664,93.2686
666,96.94254
668,95.698845
669,117.79466
671,106.62611
675,97.91434
677,101.405876
678,112.76234
679,113.02295
682,79.80289
685,105.08874
687,107.45277
688,104.38754
693,88.070206
696,99.639046
698,103.30043
701,111.7808
704,95.178894
705,95.59555
709,103.60395
710,108.601036
711,115.50204
712,85.87214
714,99.82461
715,92.05521
716,90.222015
717,99.12276
720,94.49798
721,82.314
724,110.677086
725,106.69538
726,103.11852
728,91.00483
731,86.36006
734,98.92019
738,92.28577
745,98.65492
746,104.29712
751,102.84859
754,102.468346
756,89.684
758,103.216125
759,93.20272
761,90.624115
766,102.45121
767,102.90246
768,106.63644
769,117.33736
770,111.78384
771,94.91143
772,94.13368
773,115.096466
774,97.92836
776,99.81304
777,93.12147
780,98.8379
782,107.2068
787,91.11903
788,110.40599
792,106.88134
793,77.65445
798,81.07943
800,107.84387
806,90.222015
809,100.803925
811,118.74121
812,109.408165
814,94.25304
816,102.34159
817,88.990715
818,93.13024
820,110.87964
823,111.97232
829,100.627495
830,89.14306
831,104.72139
834,107.41284
839,107.79764
841,83.47258
844,105.68434
845,112.39309
848,104.583565
850,92.15999
851,91.91561
852,117.30552
854,107.2456
855,112.11684
856,95.25516
859,91.492645
861,97.92836
864,112.524315
865,97.846664
866,106.785225
867,107.59468
869,96.67973
871,109.37497
872,90.222015
882,96.378494
883,107.86908
885,84.18294
888,99.39426
893,87.5835
901,112.95715
903,105.47265
904,96.60669
905,96.19422
910,86.58306
911,102.38177
914,114.50854
918,110.9817
921,106.344864
928,107.49656
929,96.516624
932,105.32171
933,85.48868
934,86.58306
935,92.58698
937,95.91956
939,109.866234
940,83.11228
941,109.20249
942,101.75432
943,105.322685
944,92.27937
947,90.222015
949,94.64843
951,108.40242
952,89.16428
953,105.47265
954,104.43732
957,99.19282
959,105.03807
960,94.61163
963,94.25304
965,90.222015
967,100.27827
971,112.86549
972,99.93607
973,110.56172
974,100.31587
975,119.12483
978,80.09346
980,98.670074
981,102.04593
984,114.10044
986,86.58306
988,106.63644
989,108.368126
990,93.58126
992,112.95715
996,89.26429
999,102.13409
1000,100.30108
1001,97.846664
1002,103.14958
1003,99.81304
1004,99.33229
1008,110.49137
1009,116.72223
1010,90.34053
1012,105.92592
1013,107.18803
1014,118.627205
1015,108.49664
1016,94.33467
1019,102.787254
1020,100.268
1021,86.58306
1022,94.45192
1024,86.58306
1025,102.838394
1027,91.90027
1028,97.44732
1029,111.18776
1030,78.50054
1033,100.808655
1036,74.36891
1037,88.31997
1038,112.49724
1042,109.866234
1043,94.524864
1044,101.53087
1045,109.01824
1047,110.10174
1050,110.81303
1051,87.66515
1054,111.93155
1056,102.04593
1057,107.74659
1059,106.86227
1062,88.478195
1063,88.52783
1064,102.04593
1066,117.737015
1070,106.04599
1076,108.41891
1077,84.75221
1078,105.227875
1080,88.31388
1082,101.093704
1083,99.31255
1089,108.29835
1091,99.486305
1093,103.33595
1097,102.57461
1099,108.76366
1101,86.67515
1103,123.2464
1104,103.89924
1106,99.26098
1109,80.17684
1110,91.04985
1111,100.85409
1112,109.24386
1114,112.60766
1116,99.60598
1117,91.94275
1120,79.93674
1124,94.93266
1125,106.1775
1126,100.87699
1134,94.2275
1137,102.520454
1138,105.24241
1144,89.292755
1145,111.827934
1146,82.691414
1148,119.09456
1150,80.18163
1152,105.77642
1153,71.67071
1154,94.23485
1155,109.87683
1157,94.11798
1162,109.9584
1165,100.8362
1166,110.99746
1167,95.22023
1168,85.65378
1169,91.58478
1171,91.001945
1172,104.40635
1173,91.58478
1174,107.45323
1176,111.7686
1177,91.84211
1178,111.996124
1182,101.11461
1186,86.92004
1187,89.62339
1188,97.570366
1189,98.93008
1191,108.35495
1192,107.67069
1197,93.65001
1198,101.48172
1200,98.85589
1201,107.208084
1203,108.18357
1209,94.3452
1214,95.70531
1218,100.71298
1222,102.918236
1226,82.57506
1228,112.82324
1230,105.47744
1232,98.542046
1233,88.33137
1236,110.31629
1238,101.21038
1241,89.292755
1244,102.6758
1246,100.38564
1247,87.96313
1250,95.912994
1251,104.75248
1254,111.71413
1255,106.419975
1256,101.61266
1257,110.83563
1258,100.00428
1259,89.1703
1260,84.97824
1263,90.43658
1267,92.088
1268,97.87015
1271,107.62988
1272,87.67576
1274,101.92974
1275,109.9584
1276,87.75727
1277,111.24431
1279,82.691414
1281,93.72408
1282,97.570366
1283,95.693085
1285,103.66718
1286,98.78386
1289,105.56047
1296,104.015076
1299,81.325554
1301,89.356415
1306,90.97686
1307,109.113655
1308,78.101425
1313,87.75727
1314,107.46823
1315,91.04985
1316,87.39127
1317,87.63483
1319,104.43086
1323,84.36326
1324,104.89605
1325,103.1819
1328,86.991974
1329,96.341995
1330,98.02049
1331,98.79174
1332,105.3727
1337,77.211586
1338,101.74627
1339,100.95172
1340,96.24973
1343,113.71268
1347,97.79142
1348,107.12004
1349,99.82828
1352,82.96788
1354,111.34157
1359,103.39149
1360,84.39479
1363,87.91125
1364,100.00763
1365,97.21243
1366,89.90501
1372,89.8186
1375,113.35051
1376,105.82748
1378,101.11971
1379,112.78015
1380,86.95163
1381,91.86122
1384,97.37804
1387,81.60197
1388,99.47134
1392,101.97967
1394,102.51578
1395,80.345215
1396,90.4681
1398,110.844124
1399,90.4681
1400,103.23699
1401,105.03978
1403,111.17102
1404,105.76408
1406,90.4681
1407,110.59639
1408,90.71299
1410,92.36447
1412,90.59058
1413,107.227936
1415,108.79504
1420,90.71299
1422,100.989456
1423,99.19616
1424,90.71299
1425,92.647385
1426,92.36447
1427,108.46003
1429,92.15097
1430,90.08355
1431,112.362915
1432,101.577034
1434,104.31616
1437,108.48683
1438,95.310455
1440,105.622406
1441,91.426285
1442,112.27253
1444,83.64085
1445,106.62975
1446,105.36929
1448,107.89344
1453,95.52199
1454,90.59058
1455,107.947105
1456,89.91123
1458,90.59058
1459,108.04545
1461,90.49809
1465,81.60197
1466,103.28441
1469,84.63969
1472,95.52199
1474,111.864105
1477,101.91211
1479,93.81269
1482,99.50017
1483,99.406876
1487,92.39127
1488,93.72148
1490,96.82317
1492,92.59839
1494,99.28809
1496,108.63052
1497,105.720406
1499,101.51987
1502,116.60085
1507,103.83653
1508,82.96788
1509,93.97596
1511,104.665695
1512,94.56521
1513,103.1727
1514,101.65546
1518,96.70579
1519,101.93389
1522,103.157684
1524,99.173134
1527,112.27253
1529,92.80267
1532,100.88187
1536,97.70748
1537,94.6217
1539,105.902176
1542,88.90327
1543,105.82748
1544,99.66996
1545,96.89768
1550,105.949905
1551,104.02312
1554,95.53247
1556,106.05288
1559,111.11208
1560,100.47683
1562,112.02991
1566,98.71765
1567,95.77486
1569,102.68326
1570,109.64272
1571,108.39562
1574,82.96788
1578,107.5754
1580,95.91041
1583,95.05132
1584,82.96788
1585,89.323235
1586,90.36656
1587,100.18162
1588,106.590965
1590,106.96456
1592,94.15531
1596,109.91492
1598,100.1499
1599,110.47394
1604,79.94555
1606,94.44648
1607,107.227936
1608,117.146416
1609,91.27835
1611,100.93922
1613,84.20634
1616,104.52971
1619,111.67398
1620,106.35564
1621,94.99416
1622,100.31922
1625,113.32577
1627,91.27835
1629,100.73736
1634,102.674095
1636,117.86067
1638,101.044876
1639,106.67721
1641,106.17224
1643,81.415504
1644,94.804016
1645,99.20645
1646,94.341866
1647,97.820175
1648,102.4104
1652,95.91041
1653,102.444466
1656,99.03589
1658,110.47394
1659,91.0815
1661,96.27812
1663,107.227936
1664,93.51017
1665,107.86552
1666,106.05288
1667,105.437584
1668,98.590454
1669,106.42239
1670,81.61521
1672,102.04898
1674,118.99575
1677,93.72148
1678,99.04997
1679,93.263824
1680,90.086235
1683,96.90227
1686,94.628426
1687,100.94859
1689,95.501785
1690,104.73226
1691,94.86652
1692,102.02909
1693,82.96788
1695,108.89387
1696,95.52199
1697,91.20392
1700,106.05288
1701,98.30745
1702,99.27855
1703,102.42961
1704,91.198044
1706,103.73487
1707,114.46902
1708,102.292076
1710,101.542885
1711,91.43482
1713,90.8482
1717,92.182274
1719,107.5754
1720,110.20116
1722,109.63511
1725,92.44671
1726,102.21046
1727,100.47812
1729,108.046394
1730,91.33497
1731,104.66605
1733,106.05288
1734,111.82715
1735,100.989456
1738,84.20634
1742,86.06686
1745,118.99575
1747,98.42989
1749,100.31304
1751,103.419395
1752,99.03682
1753,104.03698
1754,115.541374
1755,108.04892
1756,103.60551
1758,102.59968
1759,107.854996
1760,95.59776
1761,92.6163
1762,111.4116
1763,101.67001
1764,99.68516
1766,102.21771
1768,109.363174
1769,92.86067
1771,92.873375
1772,105.07224
1773,91.0708
1774,108.112274
1775,96.83058
1777,96.80664
1779,107.854996
1780,101.99528
1787,102.33744
1788,105.113655
1790,102.821
1796,96.022255
1801,102.4955
1803,105.622795
1807,101.74687
1809,104.47004
1812,103.21814
1813,109.87968
1814,76.12469
1815,81.64951
1816,94.89791
1818,107.11277
1820,100.52283
1821,110.378174
1822,109.94601
1825,108.009995
1826,91.76387
1828,106.24331
1831,97.008736
1836,99.819664
1837,109.992775
1841,111.77196
1844,83.75085
1848,111.51986
1851,105.81002
1852,99.54814
1853,99.297386
1854,90.249084
1856,92.68177
1859,104.5109
1860,102.69839
1861,105.10311
1863,96.537735
1865,109.47889
1866,106.441826
1867,81.606865
1868,102.582306
1872,111.951195
1879,90.05513
1880,87.759186
1882,108.68399
1885,96.81014
1887,82.588776
1888,112.725525
1890,109.58785
1894,83.99181
1895,92.14596
1896,109.5843
1897,90.18154
1900,121.607025
1901,111.01996
1902,117.17659
1905,101.43983
1906,107.879196
1912,105.749084
1915,103.717064
1916,101.66534
1917,98.62206
1918,91.32565
1920,97.56594
1923,100.252625
1924,110.61757
1925,102.616974
1930,91.186195
1932,90.37597
1933,91.49804
1934,118.30877
1935,111.142395
1940,92.27222
1941,105.77412
1942,88.92148
1943,107.93674
1944,109.84187
1945,99.071976
1948,94.52954
1949,105.193184
1952,79.635445
1954,82.87576
1955,90.6209
1958,101.80788
1959,81.70489
1960,101.67001
1963,109.49627
1965,102.47558
1968,104.959755
1969,99.91551
1971,109.28955
1972,100.260086
1973,99.72013
1975,100.422874
1977,93.09357
1978,97.967354
1979,90.85186
1981,100.001625
1982,107.21554
1987,97.857285
1988,98.62556
1993,95.27586
1997,102.68633
1999,101.22778
2001,84.11425
2002,106.80343
2003,97.18461
2004,96.576454
2006,93.01304
2007,104.41899
2009,99.88286
2010,111.83074
2013,83.44011
2018,92.64715
2022,111.84009
2024,97.86253
2025,108.66207
2026,94.10086
2030,99.80128
2031,112.5639
2032,105.749084
2033,102.170204
2035,87.01313
2036,89.35909
2037,103.78972
2040,83.910126
2043,75.93045
2044,107.456856
2046,94.240776
2054,113.426025
2055,111.279945
2056,101.99528
2059,107.01347
2060,111.01996
2062,90.23706
2063,90.3226
2066,83.99181
2067,100.978966
2072,94.06198
2073,83.85219
2074,94.92725
2075,108.10618
2076,109.977196
2080,103.696205
2082,111.01996
2085,115.450356
2087,90.12531
2091,87.36659
2092,80.172676
2093,101.99528
2098,84.810524
2101,101.67001
2102,107.03112
2103,92.27222
2105,106.40098
2106,110.1019
2107,111.16624
2110,108.05168
2114,88.780396
2115,88.39074
2117,73.41976
2118,121.905304
2119,95.67123
2120,108.65349
2122,77.874214
2123,96.38935
2126,111.57731
2127,93.00307
2128,111.89436
2129,86.92577
2132,100.86477
2135,107.38193
2138,94.57444
2139,91.186195
2141,88.4266
2142,110.33808
2146,85.01163
2151,111.06933
2157,100.78274
2159,117.847435
2162,110.52181
2164,94.949425
2167,103.585815
2168,108.85447
2171,81.435555
2173,109.5054
2174,100.21096
2175,104.38657
2178,106.266716
2180,84.57495
2185,99.03777
2189,106.88774
2190,101.43967
2192,96.97484
2194,111.63137
2200,116.67296
2201,101.62943
2203,104.227936
2204,99.933044
2205,116.503426
2209,79.79358
2213,106.57771
2214,114.35514
2215,98.30729
2216,101.67029
2218,107.50719
2219,99.050514
2220,84.7634
2222,111.147224
2223,81.52574
2225,96.11524
2226,103.561844
2230,100.80612
2233,98.252945
2234,117.197624
2235,99.933044
2236,97.83723
2237,103.16232
2240,110.95197
2241,88.38308
2248,99.86861
2249,80.08572
2250,108.31627
2252,107.9446
2253,97.445595
2254,104.2615
2256,98.22389
2258,101.67267
2259,107.84508
2262,84.45248
2265,111.143135
2266,100.29326
2269,94.26014
2271,113.63912
2273,102.249855
2274,116.4102
2275,101.751945
2277,109.475105
2279,99.933044
2280,98.927986
2282,84.57495
2283,92.1022
2288,101.333176
2289,74.41372
2291,105.447075
2292,91.40202
2297,83.888626
2298,91.977295
2299,100.08427
2300,102.869385
2301,102.68405
2304,111.74066
2305,86.097626
2306,84.45248
2308,110.5195
2309,104.28385
2311,82.3341
2312,116.237465
2316,86.30284
2321,91.80338
2322,98.35428
2325,104.02896
2326,109.354774
2329,91.40202
2330,109.434296
2331,96.47244
2332,98.008095
2333,84.45248
2334,99.24309
2335,102.25756
2337,120.26778
2338,82.057274
2340,98.008095
2342,99.060814
2345,104.31607
2349,91.51947
2351,100.139854
2352,108.9917
2354,87.65002
2355,87.4577
2357,96.11524
2358,100.45507
2360,97.35387
2361,87.65002
2364,112.64113
2366,104.16478
2369,103.286026
2370,86.0888
2371,98.13051
2373,96.89396
2374,89.074196
2376,100.55016
2378,100.11826
2382,114.82734
2383,94.08435
2386,98.46512
2387,102.10362
2389,106.61339
2390,88.592575
2392,103.48398
2398,98.008095
2399,106.77737
2400,94.44102
2401,94.55215
2402,112.668686
2404,111.87434
2407,104.10526
2408,102.31186
2409,106.01761
2412,73.07693
2413,86.26106
2415,108.96216
2420,99.3578
2422,86.33128
2423,95.80537
2426,98.17648
2432,101.93703
2434,93.909645
2435,104.244
2436,95.19487
2438,100.39481
2440,90.380005
2443,97.85162
2444,105.92478
2447,99.86861
2450,108.31235
2454,84.76987
2455,98.52202
2459,84.45248
2460,107.130066
2463,95.70913
2465,93.238266
2468,92.73297
2469,97.64531
2474,100.646774
2478,117.348495
2480,102.53824
2481,110.95197
2489,84.57495
2490,100.26193
2492,111.60305
2496,84.45248
2497,100.46189
2500,106.74483
2505,84.37087
2507,82.299324
2508,116.503426
2509,103.544395
2510,115.01139
2513,100.7611
2515,84.57495
2518,94.08435
2519,90.179306
2520,94.08435
2521,116.42775
2523,101.886185
2525,108.97613
2529,114.873276
2530,97.634796
2533,94.95259
2535,109.66039
2538,100.13152
2544,88.591545
2553,98.28607
2556,110.86746
2558,101.06682
2559,78.95737
2560,112.138596
2561,100.72496
2562,108.597275
2563,102.99128
2564,91.529755
2565,98.16085
2567,82.25383
2572,106.13658
2575,103.06717
2576,102.83605
2577,100.824646
2578,110.458725
2579,89.26922
2580,105.939026
2582,92.147545
2587,105.27851
2589,101.72306
2590,110.832855
2591,114.873276
2594,97.177895
2597,89.34481
2598,107.66887
2599,109.43698
2600,100.2624
2602,72.48066
2603,106.13658
2604,100.70891
2606,110.30957
2607,99.40529
2608,94.43046
2613,116.41126
2614,91.35144
2615,93.713356
2617,93.12572
2620,80.73454
2623,115.53017
2624,84.89392
2627,116.41126
2629,99.40529
2630,104.05757
2632,85.05202
2636,90.10476
2639,97.45135
2640,92.78554
2642,114.873276
2644,107.750435
2646,111.21336
2647,90.706
2649,105.29266
2650,87.82623
2652,106.32934
2653,109.88479
2655,90.96342
2657,97.9159
2659,90.7445
2662,94.073875
2663,110.85988
2664,94.167656
2665,88.97159
2670,107.587814
2671,94.14764
2672,117.24595
2675,106.32934
2677,105.94023
2679,107.681526
2683,92.962616
2684,95.18487
2685,91.29391
2688,89.48136
2689,86.88744
2690,87.51672
2693,116.67919
2694,116.12794
2697,112.88995
2699,105.35465
2703,101.97647
2705,93.083916
2709,99.63638
2710,95.363304
2711,93.35778
2712,112.97754
2713,85.11946
2714,107.8702
2715,98.064575
2717,102.95672
2718,76.78081
2720,90.03166
2721,106.132576
2726,103.76897
2728,113.21011
2731,91.121155
2732,89.8456
2734,96.07781
2736,103.82988
2737,91.70136
2738,93.223465
2739,115.34514
2746,106.19797
2749,96.63785
2751,99.48288
2752,87.58298
2753,112.26189
2757,100.25145
2758,103.87185
2759,114.68149
2760,111.79714
2762,98.32194
2764,95.26076
2765,94.489075
2769,88.29926
2771,99.94924
2774,95.95751
2776,88.03211
2777,105.74526
2778,111.38847
2779,97.405716
2782,117.24199
2784,102.275635
2787,90.85654
2789,100.9619
2792,92.14217
2798,107.392494
2799,103.60163
2800,112.34683
2801,110.36734
2802,109.43932
2804,105.7162
2807,97.4888
2808,90.55561
2809,108.75127
2811,105.61438
2812,110.84355
2814,104.94572
2816,105.65988
2817,78.29564
2818,106.67274
2820,103.60823
2821,97.27099
2822,104.732414
2823,96.76183
2824,104.235916
2826,92.06242
2829,111.976944
2834,116.692
2835,78.813934
2838,90.519844
2839,94.13869
2840,116.03489
2841,105.67267
2842,84.360275
2846,102.89297
2848,82.85518
2849,101.95298
2850,107.8702
2851,110.51126
2853,112.84178
2854,114.873276
2858,83.18023
2861,71.94122
2864,111.51097
2865,110.85988
2866,105.95239
2867,110.689476
2868,102.666916
2870,111.5357
2877,112.99967
2878,116.41126
2880,100.66206
2882,98.500084
2883,105.983925
2884,93.34557
2885,115.21706
2887,84.48282
2888,91.642296
2889,114.317856
2890,105.46274
2891,84.52975
2892,94.97967
2893,91.17249
2898,93.08782
2899,100.972046
2900,86.94736
2901,95.18338
2909,86.12497
2910,105.66669
2911,101.668175
2913,114.84888
2918,104.761696
2919,95.76767
2920,102.4025
2921,116.41126
2922,107.48022
2923,108.15665
2925,103.315315
2926,106.114075
2927,114.75082
2929,96.98231
2933,97.65216
2934,120.28867
2936,99.74637
2941,105.87345
2942,94.4886
2943,116.30756
2945,90.68435
2950,99.53075
2951,107.49615
2953,100.54709
2954,92.44072
2955,101.16525
2956,107.19652
2960,112.188515
2962,103.89856
2963,101.34215
2964,103.94945
2966,98.17294
2967,98.033295
2968,106.95928
2969,100.69926
2971,109.3101
2972,83.704346
2974,100.478676
2975,105.34161
2977,99.47235
2980,100.668045
2981,103.04174
2983,92.35628
2984,108.03831
2985,91.21777
2986,100.890205
2987,83.704346
2989,113.306206
2990,108.20421
2991,115.126686
2992,93.13712
2995,112.79777
2996,110.81209
3004,93.72342
3005,91.17694
3006,104.14561
3010,103.52278
3011,90.06223
3014,106.02187
3015,83.46944
3016,108.6711
3017,109.11727
3018,97.26305
3021,91.61979
3024,107.57669
3028,105.031044
3030,111.29634
3032,106.6119
3039,109.860725
3040,92.90124
3041,102.7461
3043,112.904945
3044,96.147835
3046,105.5996
3055,105.40122
3056,91.42359
3058,99.69625
3059,96.76268
3061,94.80592
3063,93.440346
3066,80.55514
3067,107.57669
3068,99.970314
3069,106.04046
3072,103.193634
3073,101.03257
3074,97.928444
3077,102.939865
3082,99.69642
3084,112.79777
3085,104.21674
3088,107.65836
3091,98.973274
3092,88.90368
3093,99.54074
3094,91.02906
3096,118.58519
3097,91.51925
3098,98.53038
3102,105.644646
3106,98.17162
3109,101.42272
3111,95.72139
3112,91.17694
3113,105.91795
3115,94.33833
3116,98.19095
3117,89.830826
3121,99.1014
3122,88.397766
3123,106.560585
3124,95.79261
3125,108.6711
3126,88.690414
3127,95.05085
3129,96.35406
3130,102.132126
3132,108.028595
3134,108.03516
3135,103.97996
3137,101.83045
3138,111.701706
3140,101.35888
3144,110.270294
3145,97.45285
3146,93.62114
3147,103.74388
3148,93.67355
3149,99.09214
3150,108.62262
3151,105.529755
3152,79.51812
3155,93.637535
3156,107.778015
3159,99.84432
3161,82.81866
3162,106.582634
3163,109.91707
3165,89.34841
3172,78.35474
3173,99.5301
3176,95.51792
3177,90.49867
3179,105.34161
3183,77.95714
3186,106.88708
3187,84.021835
3189,89.67965
3190,100.14833
3192,95.05085
3193,78.35474
3194,103.45597
3197,108.09058
3198,107.467606
3200,100.21448
3201,89.69387
3202,107.467606
3204,84.186584
3205,99.55486
3206,112.489944
3208,95.33144
3210,87.42334
3211,77.85536
3212,94.80592
3213,100.81098
3214,98.33093
3216,105.3706
3219,100.95718
3220,98.236404
3221,105.91795
3226,99.76128
3227,80.482834
3228,104.30819
3229,97.430305
3232,92.548706
3233,91.985146
3234,102.58679
3236,80.55906
3238,112.49346
3239,88.032455
3240,88.948
3247,89.52801
3249,87.329
3252,95.72036
3253,87.59018
3254,94.905754
3255,92.06732
3257,99.56647
3262,92.290115
3263,106.237206
3264,107.19652
3266,96.196335
3267,101.4744
3269,88.81973
3272,91.21777
3274,108.09058
3275,92.46947
3277,94.64676
3279,93.22818
3280,100.509575
3283,99.9535
3285,84.390625
3287,99.27055
3288,107.57669
3290,106.49043
3291,103.01886
3298,105.13995
3299,107.03866
3302,102.73341
3303,104.57298
3304,119.2001
3307,105.35761
3309,112.25933
3314,100.09269
3316,110.589775
3317,105.58555
3319,103.25654
3320,93.56709
3321,103.178894
3322,93.94216
3324,96.45464
3326,104.07979
3329,106.402016
3330,91.4376
3331,94.6728
3335,94.88756
3337,86.606316
3338,100.83237
3339,110.199394
3340,91.215324
3341,108.717415
3343,104.926765
3346,101.82568
3348,104.26426
3351,107.48455
3352,91.248024
3355,102.64418
3356,115.90026
3358,97.98572
3359,99.732414
3360,102.91945
3371,108.71514
3372,108.82521
3374,100.20207
3377,124.10134
3378,102.92108
3380,87.53464
3382,82.42365
3386,109.58154
3389,121.84945
3391,94.62534
3393,113.12061
3394,102.88857
3395,96.7513
3397,116.22696
3398,105.24095
3399,97.0868
3400,102.94325
3404,92.52909
3407,101.67534
3409,88.340225
3419,94.5138
3421,110.45982
3425,107.09559
3427,99.12611
3428,91.12557
3429,99.33828
3431,89.78652
3435,110.253075
3436,107.53711
3439,105.64749
3441,77.82517
3442,91.12557
3443,92.19801
3444,98.24869
3445,106.07481
3446,88.03353
3449,111.20425
3453,103.008446
3457,110.755135
3460,105.19682
3461,89.78797
3462,95.61408
3464,93.34827
3465,99.87816
3466,100.19504
3467,85.02581
3468,94.59014
3469,99.608986
3470,111.55756
3472,114.68899
3473,78.31872
3475,105.66916
3476,108.491135
3478,96.9464
3479,109.44012
3483,104.74925
3484,92.23362
3485,99.596375
3487,105.59953
3488,103.068146
3496,90.220726
3497,97.94812
3499,112.455055
3500,97.397575
3501,102.88287
3504,108.75285
3508,102.17962
3511,78.30675
3512,84.25196
3515,105.49993
3517,105.82992
3518,105.09462
3526,93.509125
3528,76.99931
3529,81.9675
3530,99.90492
3531,99.78588
3532,85.41886
3533,102.2836
3534,108.03192
3535,98.36542
3536,99.9507
3537,103.30153
3538,103.8416
3539,101.778564
3540,87.12785
3545,98.25856
3546,100.10435
3550,85.93133
3551,110.80287
3553,111.02409
3554,105.19682
3557,102.88587
3558,91.6963
3559,111.20425
3561,104.926346
3562,116.22696
3563,103.104836
3564,107.48455
3565,106.07481
3567,85.66898
3571,107.48455
3572,89.54365
3574,78.06598
3576,110.136185
3577,100.30745
3578,102.46176
3579,110.21784
3583,105.07324
3585,77.038315
3586,98.403595
3587,96.2065
3593,111.45156
3594,95.08437
3595,109.76854
3599,107.913445
3600,94.84372
3601,114.68899
3602,111.20425
3604,98.688324
3609,89.69038
3610,89.05232
3612,97.214035
3614,101.62602
3615,108.15955
3617,93.01356
3618,98.1873
3619,105.755
3620,104.71107
3621,109.69902
3625,124.81899
3626,93.69032
3630,94.4515
3631,91.28998
3632,111.96999
3633,108.50796
3634,94.03183
3637,104.46781
3639,87.595436
3640,91.07937
3641,107.461136
3644,115.77788
3645,109.540665
3646,91.69028
3647,101.9283
3648,113.93922
3653,103.25177
3654,94.28699
3655,89.951546
3659,91.784935
3660,94.57773
3662,106.9644
3666,105.20804
3668,111.12732
3671,81.44915
3673,83.43811
3674,98.04015
3675,90.56218
3681,103.0037
3682,101.62586
3686,98.23875
3687,89.94493
3692,109.082924
3695,93.63854
3696,116.20678
3699,118.517555
3705,113.772354
3707,92.45652
3708,103.2111
3709,101.36988
3710,108.86823
3712,79.19694
3715,100.35534
3716,104.06927
3720,119.324394
3722,92.45652
3726,105.709915
3728,79.97395
3729,87.05644
3731,88.3695
3735,86.44257
3736,94.08004
3739,89.63661
3741,97.78305
3743,95.4376
3744,102.72894
3745,99.84259
3746,90.24755
3751,95.41302
3753,115.842354
3760,91.78926
3761,95.392235
3762,103.208984
3763,87.707756
3765,94.77307
3768,111.8799
3769,108.5083
3770,109.25133
3773,101.46298
3774,106.86874
3776,109.18297
3778,103.91247
3779,119.40125
3780,104.47355
3781,110.58319
3782,83.325195
3783,114.20849
3784,94.29518
3786,105.43355
3789,96.61918
3790,107.075935
3793,86.69676
3795,100.20138
3797,92.065475
3798,90.849174
3800,107.260735
3804,106.95036
3810,96.83319
3815,102.13771
3816,106.95036
3818,83.30456
3824,114.41259
3828,88.25179
3830,106.85437
3831,105.0923
3832,98.9446
3834,100.17121
3835,102.40212
3836,91.64921
3838,84.02206
3839,94.43731
3840,86.68652
3845,91.235664
3846,90.283806
3847,105.55349
3849,96.10861
3853,92.69011
3855,101.90316
3856,84.92756
3864,93.295395
3865,99.40231
3866,87.614296
3867,97.230675
3868,107.260735
3869,108.02143
3871,101.21904
3875,100.51599
3876,89.50287
3878,109.7516
3879,94.62221
3881,107.260735
3883,102.204285
3884,113.929955
3886,121.28578
3890,107.118454
3897,108.00796
3901,100.976265
3902,101.57788
3913,113.56921
3914,99.96828
3916,100.70843
3917,96.35724
3924,104.776665
3925,106.21303
3928,108.84811
3929,102.556816
3932,113.36465
3933,104.26487
3934,82.735954
3935,110.31305
3936,107.14815
3937,89.54669
3938,107.905754
3939,90.91213
3943,102.5565
3944,113.675476
3945,100.04844
3946,110.57578
3947,92.73454
3948,93.90961
3949,111.38769
3950,113.43673
3951,97.736984
3952,94.60055
3953,111.77154
3961,112.194565
3962,86.888954
3966,107.34485
3967,94.05522
3968,86.643555
3969,81.20347
3970,111.56396
3971,98.971985
3973,85.985725
3974,111.18362
3975,89.78968
3977,98.66656
3979,90.88133
3985,88.06258
3986,92.97603
3988,88.624405
3991,90.503525
3992,87.96395
3993,98.16135
3994,92.84423
3995,96.29618
4005,90.04436
4007,106.95736
4008,96.29389
4009,96.07324
4011,95.54545
4012,102.063446
4013,104.98076
4015,98.13033
4016,98.38152
4018,104.23585
4025,106.94406
4026,106.6723
4028,113.16893
4029,103.80306
4031,74.312836
4032,98.54211
4033,93.40537
4034,91.71307
4037,106.69044
4038,85.67483
4039,112.70636
4041,105.62671
4042,93.36778
4043,91.454636
4044,104.26487
4045,105.57282
4046,119.00059
4047,101.06477
4048,108.43917
4049,109.59928
4051,90.1574
4052,112.803246
4058,104.183235
4062,97.67682
4064,105.32935
4067,106.91659
4068,97.80127
4070,83.398926
4072,89.889824
4074,95.33671
4075,106.87014
4076,100.49571
4077,99.97938
4078,110.3933
4080,104.26487
4082,104.01832
4085,104.938774
4086,103.65461
4088,106.6723
4089,95.51254
4092,98.78295
4094,97.07474
4095,94.26222
4096,110.76939
4097,96.98612
4102,112.502846
4105,109.68643
4107,82.66236
4111,82.39678
4112,85.49216
4113,99.88681
4114,81.45643
4115,93.3438
4116,94.8592
4117,107.07425
4118,104.99662
4119,92.71501
4120,92.406166
4122,103.956
4125,97.32047
4126,92.923676
4129,99.26018
4134,101.65525
4137,102.86044
4141,114.210464
4142,99.15391
4144,83.284904
4145,104.776665
4146,72.76224
4150,102.87431
4151,101.988686
4154,106.91659
4156,101.83175
4157,95.532135
4159,98.38152
4160,94.39978
4161,118.664154
4168,101.828316
4171,95.55971
4172,108.93148
4173,103.84388
4175,104.324875
4176,104.26487
4177,83.284904
4178,85.691605
4179,88.0612
4181,122.3564
4183,103.80306
4184,113.88095
4185,89.66406
4186,98.62163
4188,87.78456
4190,107.24475
4192,99.571106
4194,113.553
4195,112.21869
4196,98.20754
4202,106.09078
4203,83.98516
4208,112.06618
4209,106.51117
4210,101.44146
4211,105.79499
4212,90.11205
4214,95.93284
4215,102.63817
4216,98.07188
4217,102.66247
4219,98.528824
4222,89.54669
4224,107.8206
4231,94.22117
4232,103.80306
4234,105.19628
4236,83.284904
4237,106.47102
4240,97.18869
4242,105.272934
4243,100.39167
4247,97.524605
4248,81.91463
4249,86.9985
4254,92.48106
4263,107.74663
4265,92.3692
4267,81.73886
4268,102.19
4271,89.63635
4272,108.649605
4273,90.88187
4274,98.28949
4276,95.79112
4278,109.85311
4280,103.73563
4281,100.125534
4283,93.95161
4284,90.87525
4285,80.91499
4286,108.97952
4287,81.09561
4288,91.57141
4289,103.91412
4290,74.243965
4293,92.557945
4296,93.24809
4297,97.60446
4299,109.51654
4310,86.152626
4312,91.8071
4318,106.56313
4320,112.45357
4322,107.009796
4323,96.628075
4325,96.08648
4326,98.53082
4328,98.03419
4330,96.56945
4332,102.696556
4333,80.86436
4335,114.88555
4336,92.46249
4338,105.78633
4341,83.15071
4342,110.22771
4344,104.27542
4347,103.3127
4348,106.64471
4351,94.86567
4352,107.9449
4353,107.11305
4355,97.4444
4356,105.03087
4359,89.33439
4360,91.342674
4361,107.431
4364,101.0347
4365,89.80322
4368,105.25403
4372,101.7852
4374,90.87273
4376,105.768845
4377,98.67135
4380,101.488785
4383,108.32957
4384,109.945274
4385,104.74931
4389,104.22761
4391,108.00323
4392,120.76324
4393,100.921974
4395,98.81479
4396,115.30555
4398,110.715324
4399,88.64019
4401,99.213844
4406,122.08126
4408,96.070816
4412,106.64471
4415,78.003944
4418,119.95291
4419,90.87273
4420,99.0862
4422,113.76759
4423,90.87273
4425,89.70921
4428,105.44465
4431,98.17885
4434,108.71338
4436,106.33662
4437,102.56582
4439,93.79233
4440,99.09482
4441,89.49055
4444,86.98056
4445,96.024925
4446,102.81477
4447,84.216576
4452,94.381035
4456,90.25656
4457,105.15334
4458,99.46425
4460,105.03087
4461,93.91484
4462,93.079834
4465,107.70359
4466,109.287186
4468,99.127556
4469,97.96947
4472,122.21146
4475,89.94435
4478,94.65469
4479,84.83889
4480,109.574554
4483,88.06774
4484,104.479256
4485,92.91506
4486,111.65613
4488,99.18954
4489,100.497215
4490,101.78644
4491,89.64072
4492,88.52998
4493,85.40168
4494,109.41327
4495,94.72576
4498,100.81686
4499,98.066765
4500,84.845985
4503,93.51841
4505,107.621925
4506,85.01928
4507,108.63188
4508,106.56313
4510,100.283325
4511,100.06283
4513,110.51224
4516,97.73782
4519,97.67352
4521,82.7986
4531,105.10113
4532,100.012085
4533,99.2487
4534,83.69015
4536,106.56313
4537,105.15334
4539,94.69944
4542,87.36225
4545,93.42087
4549,91.00522
4551,104.50139
4554,91.11548
4556,112.35868
4559,93.91719
4561,104.058784
4562,97.998
4566,87.53049
4569,102.00527
4570,115.30555
4573,107.192116
4574,112.260445
4575,80.30899
4577,111.13716
4578,89.63879
4580,92.242096
4582,110.9864
4583,113.76759
4585,106.9181
4587,106.56313
4595,103.124756
4596,85.357315
4601,113.769226
4602,96.88805
4603,101.662674
4605,90.26722
4606,94.4125
4607,101.20713
4608,109.29106
4610,111.35043
4613,97.04026
4617,83.91347
4618,89.883705
4619,99.58158
4620,93.45527
4622,93.165985
4625,105.03087
4626,106.56313
4627,101.46278
4629,89.55877
4631,102.71935
4633,106.56313
4634,82.86036
4635,115.847946
4639,105.23312
4640,110.78849
4642,91.149124
4644,111.55468
4646,106.56313
4647,99.90315
4648,96.83744
4649,102.0869
4650,93.79615
4655,91.00522
4660,106.961136
4661,110.91455
4662,107.55357
4663,105.327576
4665,96.53782
4666,102.019875
4667,90.90191
4668,101.12607
4670,92.4233
4671,106.399254
4672,114.566864
4673,90.042015
4675,92.66433
4676,106.86022
4677,93.97037
4680,103.87978
4682,107.11085
4683,116.716324
4685,106.64471
4686,108.38864
4688,113.28705
4690,126.46095
4692,100.484955
4693,84.41976
4697,90.728775
4700,99.2884
4702,99.76434
4707,93.59758
4708,104.75447
4710,92.08077
4716,90.85771
4717,104.68343
4718,113.503105
4720,103.42894
4721,106.90767
4723,96.89635
4726,98.96107
4727,102.27045
4729,115.048775
4731,101.70719
4732,117.03147
4735,95.59271
4736,93.970695
4737,101.38631
4738,115.14
4739,88.25932
4744,95.45703
4747,109.23255
4749,98.98172
4750,104.75447
4752,113.491196
4755,86.58171
4756,97.34262
4757,100.73992
4758,94.21398
4759,87.949715
4763,104.724236
4764,78.067795
4765,109.475365
4766,97.24747
4767,98.4857
4769,91.88476
4770,98.57058
4771,100.880135
4772,106.28674
4774,113.36869
4776,111.47492
4777,93.12263
4778,93.499825
4780,97.28203
4784,96.413284
4786,102.60824
4787,97.53536
4788,101.57856
4789,113.491196
4791,96.96569
4792,109.568115
4795,100.994804
4796,108.302505
4803,106.86134
4805,101.58769
4807,107.50412
4809,81.658424
4816,104.30853
4817,104.04725
4818,99.69177
4820,111.65598
4821,94.36815
4823,99.103806
4824,87.30808
4825,92.66916
4829,109.260994
4830,105.90653
4831,91.5639
4833,114.02974
4836,99.62804
4837,113.28705
4838,95.99541
4840,96.75919
4841,96.62016
4842,99.65043
4843,90.67777
4844,83.90727
4849,99.11912
4851,99.733696
4852,111.7087
4858,96.0855
4860,105.90653
4863,100.10086
4864,99.33563
4865,96.933105
4867,107.217834
4868,91.74337
4869,100.13326
4873,90.800415
4875,80.798965
4876,117.21352
4877,85.968735
4878,86.175705
4880,97.657814
4886,87.65441
4888,93.78564
4889,103.17132
4890,88.590775
4893,88.74847
4895,92.64623
4896,102.47683
4899,101.50203
4901,99.82898
4902,98.46933
4903,98.48947
4904,113.491196
4910,105.93223
4912,99.63782
4915,93.93716
4916,84.54073
4917,82.17851
4920,106.28674
4927,90.668655
4928,102.52816
4931,90.42136
4934,94.96275
4936,110.87618
4942,104.725914
4943,106.028984
4944,80.35687
4945,89.99444
4947,83.61885
4948,108.0163
4951,106.915695
4952,113.491196
4953,100.69798
4956,98.48947
4957,81.88451
4958,105.22934
4960,108.99639
4968,115.26521
4969,119.154945
4971,98.79447
4973,114.90668
4975,114.457504
4976,103.322136
4978,81.06699
4979,105.93728
4982,97.955185
4983,110.26772
4984,103.14929
4985,93.638374
4986,77.645874
4987,112.01032
4988,86.70413
4994,98.73243
4995,106.151375
5002,101.53921
5004,113.225075
5005,95.61219
5006,83.10064
5007,100.82929
5009,82.83867
5011,114.90668
5014,93.56087
5015,90.39315
5018,89.08279
5019,101.00916
5020,94.276665
5021,92.731804
5022,110.43724
5023,74.468216
5025,105.98814
5032,82.80969
5034,108.63712
5036,106.84951
5038,97.15746
5039,79.622475
5046,104.39822
5049,101.00916
5051,111.38517
5052,109.389015
5053,113.36869
5054,105.94732
5055,104.05418
5057,104.87687
5059,84.1997
5062,103.166824
5063,91.98682
5065,108.1879
5069,105.95816
5071,107.74405
5074,87.48354
5075,104.73189
5076,90.29689
5077,97.61703
5079,88.387764
5080,93.45088
5081,114.82507
5083,100.154686
5088,94.839325
5089,98.680214
5093,110.51876
5094,91.045334
5095,98.5953
5099,94.74459
5101,95.09027
5103,97.829124
5104,92.90079
5105,96.31781
5107,95.30422
5108,96.50015
5109,97.15921
5111,91.97455
5112,88.555565
5113,93.34901
5114,115.40964
5115,94.30763
5118,88.416435
5122,106.039444
5123,94.22944
5125,110.39965
5127,96.898384
5128,107.155045
5129,101.74247
5132,83.19278
5134,112.61743
5135,107.84197
5137,91.216064
5142,104.78027
5143,100.17394
5144,103.004295
5148,83.12321
5149,113.07248
5150,104.68449
5154,98.77243
5155,97.941086
5159,89.014465
5164,93.95163
5165,94.07208
5166,76.020874
5167,100.26433
5169,107.45772
5171,93.72068
5172,98.26495
5176,98.685936
5184,109.75746
5185,114.86674
5186,116.84442
5188,105.72448
5189,115.01789
5190,116.21456
5191,94.07208
5193,99.16807
5196,104.641136
5199,103.36884
5200,94.94968
5203,100.78548
5204,100.748604
5205,121.11638
5207,87.36756
5208,87.25533
5212,93.680534
5214,88.210335
5218,84.98595
5220,106.97581
5222,100.28013
5224,105.61297
5225,106.3788
5227,103.57382
5229,99.701065
5232,102.24789
5233,88.61847
5234,102.3246
5237,115.121216
5239,85.11929
5240,95.973145
5241,101.10131
5244,92.99615
5248,108.084
5251,98.63774
5253,105.87247
5255,77.87109
5256,120.35556
5257,99.70178
5259,104.35287
5260,103.916695
5266,106.280975
5268,100.65227
5275,114.91717
5276,98.60182
5277,111.0423
5279,79.31827
5280,99.68669
5281,95.60485
5283,108.07087
5284,91.3508
5285,106.24355
5286,98.47385
5287,94.677414
5289,99.84264
5290,99.16807
5292,111.27941
5293,93.62461
5294,103.80278
5297,103.28477
5299,108.25828
5302,104.898605
5305,93.20762
5306,80.601685
5308,108.87878
5309,87.12065
5310,97.17471
5312,93.85817
5316,99.82505
5317,103.77686
5319,97.845024
5320,106.080315
5323,91.161095
5329,107.96552
5331,86.022964
5334,96.12518
5336,99.670815
5338,101.75847
5341,99.39729
5345,106.972984
5348,100.15762
5349,95.875046
5355,111.64877
5356,107.957214
5360,100.176956
5362,103.958115
5364,100.33219
5366,113.71216
5367,114.32364
5368,109.11241
5370,122.51215
5371,97.756966
5373,104.321335
5375,115.121216
5376,98.49774
5378,98.044464
5379,94.30952
5383,98.23158
5384,106.94825
5389,89.56728
5391,100.55506
5393,98.51008
5395,90.53308
5397,99.30693
5398,102.1978
5399,87.58225
5401,86.485985
5402,102.2499
5403,87.32613
5404,94.403046
5407,98.11536
5408,95.405914
5413,94.23804
5414,90.97274
5417,104.26878
5418,111.27941
5420,111.644165
5421,113.154625
5424,95.26953
5425,100.748604
5426,110.96693
5429,88.60124
5431,93.60164
5437,86.10635
5440,92.73317
5444,94.759514
5446,88.948586
5447,107.33984
5451,109.229195
5452,101.36974
5455,102.3246
5456,102.43499
5458,103.530975
5459,107.46104
5460,108.43533
5462,101.36015
5463,86.64711
5464,107.56137
5465,86.95869
5466,107.91774
5467,91.35225
5468,78.23932
5469,105.14327
5472,111.79472
5474,85.85111
5475,87.13774
5476,103.95583
5479,97.41334
5480,112.71113
5482,120.05812
5485,97.49945
5486,90.060684
5488,95.764366
5495,99.701065
5496,94.2687
5497,89.11503
5499,90.20687
5503,107.39922
5504,94.15254
5507,103.75177
5509,80.71744
5511,90.73263
5512,104.30889
5516,112.5571
5517,100.17166
5518,90.34307
5521,105.65146
5522,95.50617
5527,107.76377
5528,98.344055
5529,114.65992
5532,82.9327
5533,117.118286
5535,92.75976
5536,87.91199
5540,102.115135
5547,108.28631
5548,98.52282
5550,96.93374
5551,104.439674
5554,88.86475
5555,104.33183
5559,79.904686
5560,92.9372
5561,104.29124
5562,96.17841
5563,107.54813
5565,88.01643
5566,106.80787
5567,88.39553
5568,94.9992
5572,99.20472
5574,87.35401
5576,91.26634
5579,92.17304
5580,84.79722
5581,101.53222
5583,91.068886
5584,93.97991
5586,101.26375
5587,110.959404
5589,88.37694
5591,89.80068
5592,94.80609
5593,122.50908
5594,91.060425
5595,81.44379
5596,113.10275
5597,116.44594
5598,93.05866
5599,89.81014
5602,99.547
5603,91.060425
5605,106.75657
5607,96.70619
5608,105.41741
5609,97.58059
5610,92.975136
5612,99.92839
5613,114.74153
5614,92.92884
5616,89.10806
5621,99.3958
5623,92.11468
5628,109.53832
5629,103.113304
5631,81.75774
5633,99.5305
5638,92.82038
5639,90.446396
5640,97.94426
5645,106.52081
5646,97.4603
5649,92.79728
5653,100.34004
5655,95.19601
5656,102.20658
5658,106.06037
5662,89.70261
5663,100.04991
5667,98.73062
5670,89.81014
5671,88.5402
5672,91.21418
5673,90.807655
5674,95.42252
5675,112.6384
5676,82.79396
5679,110.896675
5683,84.80523
5687,90.978806
5688,98.41439
5690,108.31102
5691,101.446495
5692,96.06608
5693,74.59693
5694,102.12575
5697,92.22849
5698,98.690315
5699,110.81512
5704,108.72236
5707,110.896675
5709,87.65266
5710,113.22643
5714,106.986626
5718,88.157585
5721,108.5266
5723,96.70895
5724,108.00363
5725,104.570206
5726,101.401566
5729,103.55692
5730,89.92192
5731,108.92645
5733,98.35883
5736,101.33456
5741,119.231155
5745,98.53716
5747,90.90099
5748,86.919815
5750,84.18352
5751,86.26807
5752,101.13276
5754,104.56217
5755,102.88941
5757,103.09621
5758,97.95733
5760,85.984406
5762,91.0319
5766,99.46943
5768,105.84468
5769,88.47156
5770,102.213165
5771,93.921265
5772,101.157745
5773,84.39694
5774,106.655
5776,92.919
5777,110.81512
5778,106.17803
5780,79.438194
5782,105.146866
5783,99.68132
5784,105.7222
5786,102.98222
5788,104.18653
5789,106.65232
5790,89.687744
5791,99.42466
5793,106.1905
5794,109.42889
5796,93.33164
5797,97.83037
5801,109.54067
5803,90.978806
5804,99.971596
5805,99.846756
5806,98.61847
5808,100.81058
5813,111.01008
5815,97.077446
5822,93.714554
5823,112.35303
5825,89.45159
5827,89.87851
5829,88.58098
5830,87.905525
5831,108.25102
5832,96.21796
5833,100.81058
5837,109.41589
5838,101.99683
5839,112.55147
5842,97.94426
5844,97.664635
5845,101.10949
5848,96.191
5850,102.568596
5851,94.15625
5853,105.84468
5854,94.30434
5858,97.94426
5860,84.03624
5864,88.12256
5866,88.20664
5867,110.896675
5868,97.042534
5869,105.6904
5870,94.13545
5871,107.64754
5874,93.79566
5876,95.03416
5877,98.992035
5878,94.633835
5879,100.82487
5880,82.9244
5884,98.71899
5886,100.47211
5890,97.321205
5896,92.72614
5897,90.07343
5898,105.84468
5901,86.14169
5903,113.18439
5906,92.975136
5908,112.43464
5909,104.71385
5910,114.74153
5911,110.88766
5912,100.05575
5914,93.79566
5919,114.7224
5924,92.68511
5926,110.81946
5929,97.41529
5930,96.01336
5932,101.40337
5933,95.09566
5934,107.88983
5935,100.39509
5936,101.134865
5937,87.84843
5938,109.46933
5939,90.43657
5942,109.92648
5943,110.17251
5944,99.161514
5946,111.01913
5951,95.76983
5953,92.855034
5954,110.95878
5957,90.16929
5961,95.41823
5962,104.52005
5964,101.28143
5965,97.058235
5968,93.703445
5969,86.965836
5974,92.96463
5975,107.81145
5978,96.3437
5981,90.251
5982,104.114655
5983,113.649765
5989,97.97233
5991,112.35029
5992,116.88274
5995,95.05948
5996,92.69154
5997,92.583084
5998,89.50004
5999,95.79923
6001,82.45526
6002,81.25469
6003,112.12633
6004,110.95878
6006,100.08609
6007,108.78656
6011,85.26925
6012,98.77402
6014,110.79549
6015,82.84754
6016,98.7059
6017,91.40808
6018,105.75248
6024,82.7018
6025,88.33433
6026,107.51599
6028,87.514984
6029,95.170746
6030,82.949844
6036,93.703445
6040,99.754654
6041,98.684654
6042,87.46969
6044,102.202675
6045,99.33248
6047,97.70178
6048,92.99626
6049,105.63479
6051,93.48438
6052,109.58306
6053,99.836494
6054,96.65256
6058,109.784004
6059,91.38053
6062,105.711716
6063,93.28033
6064,84.99824
6065,99.754654
6067,95.60118
6068,99.81208
6070,94.2945
6071,92.14786
6072,100.38004
6080,100.38004
6081,97.6544
6084,104.438385
6087,102.59323
6089,89.36751
6092,100.38004
6094,110.018585
6095,113.01063
6097,112.17558
6100,80.362015
6104,97.87325
6105,103.34632
6106,88.204346
6107,89.40662
6108,88.260315
6109,100.38004
6110,106.663315
6114,100.38004
6116,109.7585
6117,114.91233
6118,107.45449
6123,99.04855
6125,113.0923
6130,87.00254
6132,88.09836
6137,100.431366
6139,94.75863
6140,94.03445
6141,109.88787
6142,84.86218
6144,83.94742
6145,105.898636
6146,86.45616
6149,109.82825
6156,100.02718
6159,107.00513
6160,94.03445
6162,90.99583
6164,98.745964
6165,109.616234
6168,100.30892
6169,100.718376
6170,111.35598
6171,88.35085
6172,99.091576
6173,86.86056
6176,103.464806
6177,98.227646
6178,101.737175
6180,88.78808
6181,99.31818
6182,120.64298
6185,95.88356
6186,103.39059
6188,92.65678
6189,95.34648
6192,104.438385
6193,112.067276
6194,99.33248
6195,106.46482
6196,104.078224
6197,106.06848
6201,102.4821
6202,93.271454
6203,109.60427
6204,103.09215
6207,90.953026
6209,98.58183
6210,80.30382
6211,85.24502
6213,97.919304
6216,99.00993
6217,93.285835
6219,99.836205
6222,96.08662
6223,92.08423
6235,103.383194
6240,104.030396
6242,101.536064
6247,95.3304
6251,116.838875
6254,91.05709
6255,102.37103
6260,86.665596
6261,108.5078
6262,105.92936
6264,103.389
6269,99.1463
6271,110.95643
6275,83.197945
6276,93.87225
6278,91.66747
6279,98.445045
6281,72.75138
6284,101.11092
6286,109.152565
6287,104.79271
6288,104.474
6292,88.513664
6293,103.967384
6295,86.511604
6298,97.675896
6300,82.34662
6304,97.030426
6308,97.92077
6310,103.505104
6312,100.38004
6320,108.83425
6324,110.56278
6325,99.0346
6330,102.49514
6336,93.70318
6340,111.492004
6341,103.383194
6342,96.1664
6344,91.33537
6345,110.41405
6347,98.43065
6348,95.570625
6349,97.675896
6351,97.25895
6353,102.32385
6354,105.79643
6357,107.26284
6358,101.691734
6360,86.817665
6363,109.446205
6364,99.50992
6368,107.931335
6370,79.68777
6371,108.132324
6377,105.66004
6379,86.848656
6381,104.137474
6382,98.21958
6383,98.2464
6388,95.99949
6390,100.89584
6392,88.304565
6393,87.02148
6395,97.445625
6398,91.107506
6401,98.341995
6402,102.30621
6403,116.83444
6405,99.8383
6406,102.40433
6407,110.538635
6409,95.22981
6411,90.52277
6413,103.642365
6416,103.404045
6417,82.885025
6418,89.4515
6419,89.589516
6420,82.5977
6426,110.22339
6429,76.84269
6430,111.29372
6431,116.83444
6432,98.39761
6434,82.30444
6437,94.91953
6438,104.14127
6439,85.07554
6440,116.83636
6441,96.13347
6442,100.19577
6443,90.951324
6445,90.62454
6448,112.15823
6450,88.80414
6453,93.43601
6455,87.16882
6457,92.69876
6458,108.0061
6461,101.64524
6464,99.82455
6467,88.81576
6469,109.734314
6470,102.34544
6471,93.85023
6473,85.70071
6474,110.60836
6479,101.22412
6481,91.26811
6484,93.772285
6495,94.85406
6496,76.559555
6505,101.32494
6506,110.85909
6508,103.280525
6509,96.911415
6510,96.86042
6512,90.1891
6513,108.44597
6514,93.28157
6515,99.42318
6519,102.15407
6521,106.25911
6523,96.657234
6525,97.667786
6526,93.524124
6528,107.6929
6529,104.78993
6531,92.95074
6533,104.13165
6534,109.55538
6535,110.74272
6536,91.19906
6537,94.99649
6540,88.84127
6541,98.2464
6547,89.93425
6548,114.43109
6551,102.71311
6553,103.24351
6555,104.254135
6556,103.19887
6561,98.16407
6564,92.10725
6565,110.74272
6568,90.76103
6569,100.19577
6573,99.75506
6574,101.604485
6577,101.45351
6579,109.26188
6581,86.86316
6582,116.75287
6586,109.311676
6589,97.05549
6590,96.14636
6593,88.77535
6594,86.859314
6595,101.48228
6599,93.91991
6600,97.62185
6601,105.540474
6602,99.32568
6603,112.15823
6604,111.17169
6607,91.790215
6608,95.25971
6609,104.207504
6611,96.41059
6613,100.19577
6614,90.587875
6616,98.96322
6617,100.19577
6618,110.77449
6619,104.03591
6621,104.254135
6627,98.590744
6629,104.31876
6631,96.04406
6634,97.607056
6636,108.52758
6638,90.76103
6639,100.19577
6641,112.07662
6642,91.31171
6651,105.398155
6654,101.06157
6657,87.92905
6663,92.12722
6665,95.237045
6666,86.63812
6668,110.733665
6669,104.21328
6670,91.78816
6673,110.87114
6675,88.50312
6676,97.07464
6677,106.33253
6679,97.650085
6680,92.07692
6681,96.86042
6685,99.14822
6688,107.591484
6689,101.90345
6690,106.69
6692,100.19577
6693,100.75939
6694,86.81471
6698,90.891136
6699,104.22737
6700,105.40318
6701,92.69876
6702,99.01953
6704,101.90345
6707,103.76144
6712,114.44596
6713,91.29364
6715,95.37682
6721,86.95723
6722,99.65198
6723,99.32693
6724,98.81688
6725,89.5487
6731,103.90236
6736,95.25442
6737,109.33726
6738,110.35007
6739,108.59629
6741,88.348366
6743,91.25085
6745,110.733665
6747,81.82394
6749,98.93602
6750,97.471504
6751,97.88493
6752,98.68075
6753,100.19577
6755,94.673546
6756,111.32645
6757,89.99086
6759,108.703926
6761,102.117424
6763,93.85023
6764,88.1951
6765,98.84761
6766,101.05583
6768,99.90178
6771,101.90345
6773,104.494225
6774,94.90866
6778,103.61199
6781,108.459015
6784,99.58299
6786,89.58684
6787,105.692116
6790,117.24184
6793,114.72925
6795,100.28789
6798,99.52348
6806,109.73321
6807,92.585625
6810,105.263016
6815,105.86681
6816,103.06897
6817,110.53428
6818,89.380974
6819,97.60966
6820,95.68699
6822,89.93317
6823,93.3923
6824,100.62627
6825,89.8369
6828,96.47267
6829,87.78499
6831,88.26534
6832,103.267815
6833,90.6494
6834,93.94229
6836,80.8263
6837,114.53808
6838,97.32584
6840,114.86987
6843,103.40502
6845,103.99329
6846,110.40215
6847,90.56779
6851,122.9875
6852,108.94282
6853,96.264595
6858,86.009575
6861,99.210106
6863,105.63263
6864,97.654594
6865,102.75111
6866,114.66054
6867,101.803444
6868,107.092415
6869,92.29698
6870,100.62627
6874,105.66266
6875,93.51508
6877,99.953125
6878,112.23636
6880,110.51224
6883,102.71602
6884,87.12604
6886,96.88398
6890,90.72787
6893,96.278076
6894,111.269104
6899,99.953125
6900,80.02999
6904,108.30489
6905,97.18354
6906,100.02762
6910,106.39468
6912,112.23785
6913,108.115326
6920,108.89719
6922,87.19403
6923,100.28789
6926,95.29215
6927,90.24714
6928,103.810844
6931,106.36321
6933,109.96061
6936,97.6022
6937,114.45653
6939,103.09986
6941,91.50624
6942,96.38103
6943,90.05273
6944,107.87739
6945,111.86476
6946,108.81852
6947,93.10656
6949,105.999756
6951,104.85771
6953,86.95585
6954,93.6283
6955,92.65114
6963,103.06109
6964,104.10129
6966,99.52751
6968,111.87297
6970,99.22601
6972,98.99383
6976,110.944496
6978,114.66054
6981,114.70962
6985,95.34631
6986,102.246185
6987,108.72643
6989,106.12227
6991,93.3923
6993,77.391624
6994,98.241356
6995,100.2388
6996,97.79243
6997,93.611336
6998,88.17783
7001,105.26718
7003,92.95488
7006,113.93567
7008,86.796425
7010,104.074844
7011,108.86966
7012,105.242165
7013,94.15698
7014,104.55175
7017,97.723854
7018,110.784996
7019,101.90067
7023,112.46844
7024,107.67006
7025,96.36341
7026,99.84241
7027,105.40937
7028,81.81117
7030,100.28789
7031,119.8411
7033,87.61626
7036,109.7598
7037,107.81248
7039,105.28933
7044,99.5298
7045,114.53808
7046,86.597466
7049,110.84444
7050,97.408485
7051,99.22601
7054,100.80526
7055,90.761665
7057,115.64009
7060,99.953125
7061,105.660355
7063,108.1838
7064,98.61605
7067,110.51224
7071,99.75818
7074,85.988556
7075,104.461975
7078,114.53808
7079,101.99563
7080,95.65953
7081,96.752655
7082,113.00012
7083,110.84499
7085,89.5201
7092,101.297714
7094,93.6134
7100,89.40163
7101,96.67722
7102,114.66054
7104,93.921005
7105,105.660355
7106,104.963326
7107,108.7035
7108,96.717415
7109,91.33114
7110,114.45653
7112,92.36001
7113,96.9526
7114,81.85222
7116,113.122574
7117,103.33182
7118,91.60987
7120,105.515686
7121,91.539955
7123,99.360794
7124,105.51976
7127,97.336685
7131,95.59057
7132,89.380974
7133,104.44221
7134,100.21143
7135,103.570786
7136,109.67761
7137,107.95375
7141,88.71724
7144,95.3219
7147,90.73931
7148,105.69142
7150,107.1923
7151,105.515686
7152,100.0387
7154,105.44738
7156,96.77072
7157,96.91458
7159,93.18821
7161,110.807
7163,108.67382
7164,110.023026
7167,96.116905
7169,94.76506
7170,103.08512
7173,104.889755
7174,104.43352
7177,102.45769
7178,94.15578
7179,106.36371
7180,94.35626
7181,100.64061
7182,91.3111
7184,108.538086
7185,91.32359
7186,99.068756
7187,101.45351
7188,96.97174
7189,88.25973
7191,86.621956
7193,106.411026
7197,92.408424
7199,110.419235
7200,113.00012
7201,103.570786
7204,81.208244
7207,80.372314
7209,105.63263
7210,108.49404
7211,97.46978
7213,106.53609
7214,93.611336
7216,97.299446
7217,97.843376
7220,97.95114
7224,100.28789
7225,93.83116
7226,97.299446
7227,110.700966
7234,91.32359
7236,96.64875
7239,95.704834
7240,97.99468
7242,111.33502
7244,80.96154
7245,109.892975
7247,110.14961
7248,99.51269
7249,93.085556
7250,105.983604
7251,113.25211
7252,98.763916
7253,97.47036
7256,100.49522
7260,93.758026
7261,90.21881
7264,93.00509
7269,107.11712
7270,87.83773
7273,97.48112
7279,102.13978
7281,98.16856
7284,108.20228
7285,92.984215
7286,92.963104
7287,84.80261
7289,108.35381
7292,100.79373
7293,112.06607
7296,112.46889
7297,94.94328
7298,104.37945
7299,89.744286
7301,92.66002
7304,83.90547
7306,97.811966
7308,108.35381
7309,108.544914
7312,99.92563
7313,97.47036
7314,97.382515
7316,103.75627
7319,100.25706
7321,89.566284
7323,105.46938
7324,93.08422
7325,107.34456
7328,100.02187
7330,95.60607
7334,107.54828
7337,91.13931
7338,77.03601
7339,103.81894
7341,109.56199
7342,94.8274
7344,96.34428
7345,97.01123
7347,106.226715
7349,98.16856
7350,112.1788
7353,120.029076
7355,97.2136
7356,98.51736
7357,91.33638
7358,86.105835
7360,108.12974
7363,96.714615
7364,82.42538
7366,88.455025
7368,109.17598
7369,92.88752
7370,96.30677
7373,96.38582
7374,106.35646
7375,93.47282
7377,100.62936
7379,83.12904
7380,87.81022
7382,108.32495
7383,95.30857
7385,99.24452
7386,89.84975
7391,104.134964
7394,103.01037
7396,105.983604
7397,106.14303
7399,101.050545
7400,97.21906
7403,97.26621
7405,84.84049
7408,106.25381
7414,105.570816
7416,99.47289
7417,108.55922
7419,111.75752
7421,98.11318
7422,82.54784
7423,99.035355
7425,95.97255
7430,93.19682
7432,90.53238
7433,77.60333
7434,97.08502
7436,98.06771
7437,95.230965
7438,104.748985
7440,94.031334
7441,95.957054
7442,93.30644
7445,109.88437
7446,99.65456
7448,87.29724
7450,106.37731
7451,108.23135
7454,109.773285
7455,83.73384
7457,99.394485
7459,99.77699
7462,86.9219
7464,108.23135
7465,95.06324
7466,86.40626
7467,91.07025
7469,111.86477
7472,98.05711
7473,100.10359
7479,107.54828
7480,103.52776
7484,100.94108
7491,112.07384
7494,107.751205
7495,93.71772
7501,114.04147
7503,105.35602
7504,96.7683
7505,111.07956
7508,99.31129
7509,90.17595
7510,97.47036
7511,107.63502
7515,85.873695
7516,106.93276
7517,80.42908
7518,102.25974
7519,112.31874
7521,94.77322
7522,86.19272
7524,109.31675
7526,92.47318
7527,107.267006
7528,91.878235
7529,110.010925
7534,109.26814
7537,110.43418
7538,93.64833
7540,93.22571
7541,101.49537
7545,98.154274
7551,108.01269
7553,110.44578
7554,86.61742
7555,78.345215
7561,99.27676
7562,88.28962
7564,102.1047
7565,98.31641
7566,106.40309
7567,78.01336
7569,88.85303
7570,102.31497
7571,105.306046
7572,81.07494
7574,95.678055
7578,88.6942
7579,93.88928
7586,108.37865
7587,74.71089
7590,110.95666
7593,100.10359
7594,91.26325
7595,106.40309
7600,104.05895
7601,98.1885
7602,93.19911
7603,94.64462
7604,106.48131
7606,85.2506
7608,108.25762
7613,98.64272
7615,83.07402
7616,101.683174
7617,100.42588
7618,107.267006
7619,99.04173
7622,84.156906
7623,96.20333
7624,93.101234
7625,99.77733
7626,110.56821
7627,91.63849
7628,100.62
7631,87.387085
7632,99.05602
7633,101.19247
7634,101.60599
7635,86.80476
7636,93.42702
7637,93.42702
7639,105.164536
7640,97.02326
7644,112.815895
7645,92.68824
7648,93.761024
7649,79.38978
7650,100.441986
7652,95.06324
7653,106.24989
7655,89.53019
7659,94.64145
7662,93.52136
7664,91.24031
7666,101.29768
7668,92.263626
7669,99.889305
7670,105.88516
7672,78.118706
7673,94.26547
7678,110.95065
7679,96.34229
7680,104.03953
7683,104.16998
7685,92.963104
7688,110.60069
7690,101.76487
7692,114.72889
7693,101.42947
7695,91.13931
7696,95.801285
7698,95.485565
7699,97.4974
7702,107.988655
7703,97.115166
7704,80.3873
7707,107.63502
7713,96.84308
7715,101.52196
7717,99.57811
7718,92.890755
7719,91.927055
7721,105.75741
7722,102.04492
7725,104.1031
7727,83.45471
7730,85.10989
7733,104.02691
7735,91.01614
7740,97.022995
7741,87.321526
7742,108.70497
7744,95.65758
7747,91.049225
7750,96.22803
7752,93.30062
7754,94.97283
7756,88.64455
7757,107.82822
7758,106.3135
7760,103.947365
7761,103.45018
7765,109.621414
7767,93.33489
7768,119.38099
7771,101.83356
7773,99.01681
7774,93.62154
7776,101.37772
7779,97.16795
7783,96.20066
7786,92.38985
7787,93.75895
7789,97.73358
7791,109.79632
7793,100.86632
7794,114.79785
7795,106.208954
7799,97.255745
7802,81.93368
7807,91.19189
7808,96.764694
7811,105.72333
7817,101.591095
7818,98.96398
7819,110.4269
7822,105.723114
7823,86.01051
7825,79.00572
7828,85.7561
7832,93.66591
7833,95.3921
7834,108.7671
7835,105.75601
7837,103.41984
7840,107.75602
7842,92.74269
7843,80.80935
7844,114.86762
7846,103.45018
7850,101.09419
7853,111.89233
7855,107.36883
7858,90.42877
7863,96.0205
7865,114.26172
7866,83.35231
7868,100.79949
7869,109.28572
7871,95.840454
7872,104.69141
7874,84.76699
7877,100.91524
7878,92.59611
7879,97.133064
7881,99.57292
7883,104.09697
7885,104.072426
7886,110.353584
7889,105.1209
7890,114.90101
7891,106.38528
7893,108.783966
7894,95.85787
7896,100.34981
7898,97.540825
7901,91.29818
7902,106.134575
7904,114.09088
7905,106.5096
7906,95.86724
7909,110.549355
7910,95.02599
7913,94.86357
7918,110.646095
7919,103.29441
7923,100.59435
7925,105.73787
7927,104.249176
7930,88.31796
7932,90.724014
7933,103.933
7935,107.84013
7939,97.60731
7942,111.04976
7943,102.36757
7945,98.99644
7946,109.083786
7948,89.94073
7949,100.011505
7950,106.89228
7951,93.33489
7955,82.252075
7959,82.333176
7960,97.022995
7961,104.577675
7962,91.25931
7964,106.64735
7965,91.90078
7966,112.72371
7967,86.74787
7968,97.92218
7971,100.29596
7974,103.29441
7976,91.90222
7978,99.393715
7982,97.022995
7983,110.59016
7984,97.33319
7986,101.2139
7989,100.011505
7991,106.134575
7992,99.196396
7993,75.10028
7994,114.38411
7995,93.66591
7997,112.28349
7998,97.33319
7999,101.591095
8002,101.45409
8007,88.710266
8009,79.880295
8011,90.791084
8013,98.72735
8015,98.354996
8017,102.27177
8019,92.87098
8023,96.70581
8024,94.73522
8026,102.52884
8027,101.16674
8029,108.39735
8030,92.34373
8031,88.99194
8033,104.227234
8035,104.03241
8036,108.45719
8039,94.87912
8042,99.30462
8044,104.63516
8046,97.655815
8048,89.48038
8049,106.5096
8050,94.01905
8053,93.32731
8054,102.41018
8059,103.10016
8061,90.67152
8062,87.21862
8064,97.22573
8066,117.912605
8067,97.8017
8068,107.02538
8070,112.76515
8071,110.43596
8072,81.98394
8076,114.1074
8080,103.73239
8081,94.102905
8084,104.10046
8087,105.31238
8089,102.34933
8090,87.88132
8091,103.354
8094,100.21833
8100,108.40179
8101,103.7429
8110,100.67346
8111,106.134575
8112,79.698944
8115,97.29393
8116,108.31959
8118,97.22573
8121,89.40519
8125,100.42979
8127,118.24299
8128,77.65264
8129,106.216225
8131,99.453835
8138,106.929955
8139,95.6249
8140,103.018555
8141,99.01681
8142,85.88698
8143,83.60323
8145,102.52884
8146,107.78924
8148,105.35617
8153,101.01874
8154,98.43917
8155,91.42226
8161,111.39075
8162,91.85788
8163,90.08382
8166,101.27928
8168,101.54058
8170,82.758965
8172,106.68741
8173,103.84722
8176,93.34794
8179,92.081245
8181,104.57606
8182,94.999054
8184,96.30481
8190,104.50021
8191,94.15431
8194,103.717766
8196,92.92235
8198,111.60869
8199,112.64923
8201,108.14225
8202,104.99613
8207,94.1122
8208,108.42763
8211,101.96573
8214,115.68817
8217,93.82147
8218,106.512474
8222,108.75787
8229,110.465996
8231,96.1544
8233,102.87933
8236,99.460976
8238,93.25863
8240,87.28495
8243,101.096436
8246,116.38642
8250,104.01326
8254,104.25638
8256,99.02017
8257,91.333046
8258,96.149124
8260,112.71998
8261,94.58064
8263,114.72061
8264,109.729805
8267,93.595505
8268,86.92186
8271,86.20431
8272,108.42763
8275,104.038246
8276,111.91794
8277,93.587425
8278,95.12321
8279,111.11066
8280,95.33682
8281,110.27733
8282,98.97609
8287,109.555046
8288,105.50579
8289,91.29408
8294,103.358475
8296,101.30991
8299,103.74341
8302,97.2569
8308,103.54989
8314,94.32009
8315,89.10999
8316,100.833626
8317,95.63649
8319,105.317764
8320,98.40478
8321,91.49419
8323,107.35285
8325,116.21304
8326,108.64244
8328,108.34601
8331,104.74407
8332,85.10601
8334,108.97738
8338,92.66255
8339,108.788414
8341,101.6064
8345,112.76982
8346,106.23467
8347,93.292336
8349,110.672455
8351,113.60211
8352,106.23015
8353,108.34601
8355,114.15262
8358,103.80251
8360,96.853264
8361,109.9911
8363,93.99432
8364,108.21706
8365,103.88053
8366,98.88759
8370,78.335686
8372,110.913795
8376,107.71112
8379,88.7412
8380,101.53698
8381,106.01066
8386,103.2896
8388,88.63219
8389,105.67163
8391,96.44909
8394,104.25638
8396,98.66574
8398,104.85046
8400,110.958664
8401,105.33248
8404,101.6064
8407,84.66708
8408,100.27353
8409,104.342125
8410,95.952385
8411,96.35603
8413,83.04347
8414,102.75278
8416,105.769264
